{
  "trained_at": "2026-05-07T16:04:15.775181+00:00",
  "model_version": "v1",
  "rows_total": 12000,
  "rows_train": 9600,
  "rows_test": 2400,
  "cancel_rate_train": 0.14010416666666667,
  "cancel_rate_test": 0.145,
  "metrics": {
    "accuracy": 0.7458333333333333,
    "precision": 0.25,
    "recall": 0.3764367816091954,
    "f1": 0.30045871559633025,
    "roc_auc": 0.6182726132060675,
    "pr_auc": 0.22338881219315168,
    "optimal_threshold": 0.45,
    "threshold_metrics": {
      "precision": 0.25,
      "recall": 0.3764367816091954,
      "f1": 0.30045871559633025
    }
  },
  "features": [
    "user_id",
    "user_role",
    "user_booking_count",
    "user_cancel_rate",
    "resource_type",
    "building",
    "day_of_week",
    "hour",
    "duration_minutes",
    "lead_time_hours",
    "attendees_count",
    "capacity_utilization",
    "purpose_category"
  ]
}